{"vm":{"testfunction":{"$func":["diatoolalert","diatoolalert","irontoolalert"]},"$func":["custom","enchanted","load_vm","player","playerinput","somethingmined","tick_vm","unenchanted","uninstall_vm"],"findblock":{"$func":["axe","block_score","cropstage","hoe","hoeable","holdingench","holdingtool","pickaxe","shears","shovel"]},"fill":{"$func":["block_xyz","xyz","block_xz"]},"tools":{"$func":["craft","diahoe","diatool","enchant","ironhoe","irontool","rubytool","shears"]},"unbreaking":{"$func":["calcdur","debuffs","durability","update"]},"blocks":{"buttons":{"$func":["acacia","acacia_xyz","birch","birch_xyz","dark_oak","dark_oak_xyz","jungle","jungle_xyz","lever","lever_xyz","oak","oak_xyz","spruce","spruce_xyz","stone","stone_xyz"]},"carpets":{"$func":["black","blue","brown","cyan","gray","green","light_blue","light_gray","lime","orange","magenta","pink","purple","red","white","yellow"]},"concrete":{"$func":["black","brown","cyan","gray","green","light_blue","light_gray","lime","blue","magenta","orange","pink","purple","red","white","yellow"]},"concrete_powder":{"$func":["black","blue","brown","cyan","gray","green","light_blue","light_gray","lime","magenta","orange","pink","purple","red","white","yellow"]},"crops":{"$func":["melon","melon_stem","pumpkin","pumpkin_stem"],"cocoa":{"$func":["bcheck","block_xyz","fgcheck","grown_xyz"]},"carrots":{"$func":["bcheck","block_xz","carrots1","fgcheck","fortune1","fortune2","fortune3"]},"melon":{"$func":["fortune1","fortune2","fortune3","melons1"]},"melon_stem":{"$func":["block_xz","stems1"]},"beetroots":{"$func":["bcheck","beetroots1","block_xz","fgcheck","fortune1","fortune2","fortune3","nitems","seeditems"]},"nether_wart":{"$func":["bcheck","block_xz","fgcheck","fortune1","fortune2","fortune3","warts1"]},"potatoes":{"$func":["bcheck","fgcheck","fortune1","fortune2","fortune3","nitems","potatoes1","block_xz"]},"pumpkin_stem":{"$func":["block_xz","stems1"]},"wheat":{"$func":["bcheck","block_xz","fgcheck","fortune1","fortune2","fortune3","nitems","seeditems","wheat1"]}},"fences_gates":{"$func":["acacia_fence","acacia_fence_gate","acacia_gate_xyz","acacia_xyz","birch_fence","birch_fence_gate","birch_gate_xyz","birch_xyz","dark_oak_fence","dark_oak_fence_gate","dark_oak_xyz","jungle_fence","jungle_fence_gate","dark_oak_gate_xyz","jungle_gate_xyz","jungle_xyz","nether_brick","nether_brick_xyz","oak_fence","oak_fence_gate","oak_gate_xyz","oak_xyz","spruce_fence","spruce_fence_gate","spruce_gate_xyz","spruce_xyz"]},"glazed_terracotta":{"$func":["black","black_xyz","blue","blue_xyz","brown","brown_xyz","cyan","cyan_xyz","gray","gray_xyz","green","green_xyz","light_blue","light_blue_xyz","light_gray","light_gray_xyz","lime","lime_xyz","magenta","magenta_xyz","orange","orange_xyz","pink","pink_xyz","purple","purple_xyz","red","red_xyz","white","white_xyz","yellow","yellow_xyz"]},"grounds":{"$func":["coarse_dirt","dirt","farmland","farmland_xyz","grass_block","grass_block_xyz","grass_path","gravel","mycelium","podzol","sand","red_sand"],"gravel":{"$func":["fitems","fortune1","fortune2","normal1","flints"]}},"leaves":{"$func":["acacia","birch","dark_oak","drops","dropsf1","dropsf2","dropsf3","jungle","oak","spruce"],"birch":{"$func":["block_xyz","fortune1","fortune2","sapitems","saplings1","fortune3"]},"jungle":{"$func":["block_xyz","fortune1","fortune2","fortune3","sapitems","saplings1"]},"acacia":{"$func":["block_xyz","fortune1","fortune2","fortune3","sapitems","saplings1"]},"spruce":{"$func":["block_xyz","fortune1","fortune2","fortune3","sapitems","saplings1"]},"oak":{"$func":["block_xyz","fortune1","fortune2","fortune3","sapitems","saplings1"]},"dark_oak":{"$func":["block_xyz","fortune1","fortune3","sapitems","fortune2","saplings1"]}},"materials":{"$func":["bone","bone_xyz","clay","coal","diamond","emerald","gold","hay","hay_xyz","iron","lapis","nether_wart","snow_block","redstone"]},"logs":{"$func":["acacia_log","acacia_log_xyz","acacia_wood","acacia_wood_xyz","birch_log","birch_log_xyz","birch_wood","birch_wood_xyz","dark_oak_log","dark_oak_log_xyz","dark_oak_wood","dark_oak_wood_xyz","jungle_log","jungle_log_xyz","jungle_wood","jungle_wood_xyz","oak_log","oak_log_xyz","oak_wood","oak_wood_xyz","spruce_log_xyz","spruce_wood","spruce_wood_xyz","stripped_acacia_log","stripped_acacia_log_xyz","stripped_acacia_wood","stripped_acacia_wood_xyz","stripped_birch_log","stripped_birch_log_xyz","spruce_log","stripped_birch_wood","stripped_birch_wood_xyz","stripped_dark_oak_log","stripped_dark_oak_log_xyz","stripped_dark_oak_wood","stripped_dark_oak_wood_xyz","stripped_jungle_log","stripped_jungle_log_xyz","stripped_jungle_wood","stripped_jungle_wood_xyz","stripped_oak_log_xyz","stripped_oak_log","stripped_oak_wood","stripped_oak_wood_xyz","stripped_spruce_log","stripped_spruce_log_xyz","stripped_spruce_wood","stripped_spruce_wood_xyz"]},"hoeing":{"$func":["block_cors","block_xz","coarse_dirt","dirt","grass_block","setdirt","xz"]},"oceans":{"$func":["blue_ice","brain_coral","brain_coral_block","brain_coral_xz","brain_fan","brain_fan_xz","brain_wall_fan","brain_wall_fan_xyz","bubble_coral","bubble_coral_block","bubble_coral_xz","bubble_fan","bubble_fan_xz","bubble_wall_fan","bubble_wall_fan_xyz","dark_prismarine","dead_brain_coral","dead_brain_coral_block","dead_brain_coral_xz","dead_brain_fan","dead_brain_fan_xz","dead_brain_wall_fan","dead_brain_wall_fan_xyz","dead_bubble_coral","dead_bubble_coral_block","dead_bubble_coral_xz","dead_bubble_fan","dead_bubble_fan_xz","dead_bubble_wall_fan","dead_bubble_wall_fan_xyz","dead_fire_coral","dead_fire_coral_block","dead_fire_coral_xz","dead_fire_fan","dead_fire_fan_xz","dead_fire_wall_fan","dead_fire_wall_fan_xyz","dead_horn_coral","dead_horn_coral_xz","dead_horn_fan","dead_horn_fan_xz","dead_horn_wall_fan","dead_horn_wall_fan_xyz","dead_tube_coral","dead_tube_coral_block","dead_horn_coral_block","dead_tube_coral_xz","dead_tube_fan","dead_tube_fan_xz","dead_tube_wall_fan","dead_tube_wall_fan_xyz","dried_kelp_block","fire_coral","fire_coral_block","fire_coral_xz","fire_fan","fire_fan_xz","fire_wall_fan","fire_wall_fan_xyz","horn_coral","horn_coral_block","horn_coral_xz","horn_fan","horn_fan_xz","horn_wall_fan","horn_wall_fan_xyz","ice","packed_ice","prismarine","prismarine_bricks","sea_lantern","sponge","tube_coral","tube_coral_block","tube_coral_xz","tube_fan","tube_fan_xz","tube_wall_fan","tube_wall_fan_xyz","wet_sponge"],"sea_lantern":{"$func":["fortune2","fortune1","fortune3","sea1"]}},"ores":{"$func":["coal","diamond","emerald","gold","iron","lapis","quartz_ore","redstone","xp02","xp15","xp25","xp37","shower"],"emerald":{"$func":["fortune1","fortune2","fortune3"]},"diamond":{"$func":["fortune1","fortune2","fortune3"]},"lapis":{"$func":["fortune1","fortune2","fortune3","lapis1"]},"coal":{"$func":["fortune1","fortune2","fortune3"]},"nether_quartz":{"$func":["fortune1","fortune2","fortune3"]},"redstone":{"$func":["block_xyz","fortune1","fortune2","fortune3","redstone1"]}},"planks":{"$func":["acacia","birch","dark_oak","jungle","oak","spruce"]},"pressure_plates":{"$func":["acacia","acacia_xyz","birch","birch_xyz","dark_oak","dark_oak_xyz","heavy_weighted","heavy_weighted_xyz","jungle","jungle_xyz","light_weighted","light_weighted_xyz","oak","spruce","spruce_xyz","oak_xyz","stone","stone_xyz"]},"randoms":{"$func":["bell","bell_xyz","bookshelf","brown_mushroom_block","brown_xyz","cake","cake_xyz","carved_pumpkin","carved_xyz","cobweb","honeycomb","iron_bars","iron_bars_xyz","jack_o_lantern","jack_xyz","ladder","ladder_xyz","lantern","lantern_xyz","mushroom_stem","red_mushroom_block","red_xyz","stem_xyz","torch","torch_xyz","vine","vine_xyz"],"brown_mushroom_block":{"$func":["shroomitems","shrooms1"]},"red_mushroom_block":{"$func":["shroomitems","shrooms1"]},"snow":{"$func":["sl8check","snow","snow_xz","xz"]}},"quartz":{"$func":["chiseled_quartz_block","quartz_block","quartz_pillar","quartz_pillar_xyz","smooth_quartz"]},"redstone":{"$func":["activator_rail","activator_xz","comparator","comparator_xyz","daylight_detector","daylight_xyz","detector_rail","detector_xz","honey","lamp_xyz","note_block","note_block_xyz","observer","observer_xyz","piston","piston_xyz","powered_rail","powered_xz","rail","rail_xz","redstone_lamp","redstone_torch","repeater","repeater_xyz","slime_block","sticky_piston","sticky_xyz","tnt","torch_xyz","tripwire","tripwire_hook","tripwire_xyz","wire","wire_xyz"]},"sandstones":{"$func":["chiseled_red_sandstone","chiseled_sandstone","cut_red_sandstone","cut_sandstone","red_sandstone","sandstone","smooth_red_sandstone","smooth_sandstone"]},"saplings":{"$func":["acacia","birch","dark_oak","jungle","oak","spruce"]},"slabs":{"$func":["acacia","acacia_xyz","andesite","andesite_xyz","birch","brick","brick_xyz","birch_xyz","cobblestone","cobblestone_xyz","cut_red_sandstone","cut_red_sandstone_xyz","cut_sandstone","cut_sandstone_xyz","dark_oak","dark_oak_xyz","dark_prismarine","dark_prismarine_xyz","diorite","diorite_xyz","end_stone_brick","end_stone_brick_xyz","granite","granite_xyz","jungle","jungle_xyz","mossy_cobblestone","mossy_cobblestone_xyz","mossy_stone_brick","mossy_stone_brick_xyz","nether_brick","nether_brick_xyz","oak","oak_xyz","petrified_oak","petrified_oak_xyz","polished_andesite_xyz","polished_andesite","polished_diorite","polished_diorite_xyz","polished_granite","polished_granite_xyz","prismarine","prismarine_brick","prismarine_brick_xyz","prismarine_xyz","purpur_xyz","purpur","quartz","quartz_xyz","red_nether_brick","red_nether_brick_xyz","red_sandstone","red_sandstone_xyz","sandstone","sandstone_xyz","smooth_quartz","smooth_quartz_xyz","smooth_red_sandstone","smooth_red_sandstone_xyz","smooth_sandstone","smooth_sandstone_xyz","smooth_stone","smooth_stone_xyz","spruce","spruce_xyz","stone","stone_brick","stone_brick_xyz","stone_xyz","xyz"]},"stained_glass":{"$func":["black","blue","brown","cyan","gray","green","light_blue","light_gray","lime","magenta","normal","orange","pink","purple","red","white","yellow"]},"dimensionblocks":{"$func":["end_rod","end_stone","end_stone_bricks","glowstone","magma_block","netherrack","nether_bricks","obsidian","pillar_xyz","purpur_block","purpur_pillar","red_nether_bricks","rod_xyz","soul_sand"],"glowstone":{"$func":["ditems","fortune1","fortune2","fortune3","ndust"]}},"stained_glass_pane":{"$func":["black","black_xyz","blue","blue_xyz","brown","brown_xyz","cyan","cyan_xyz","gray","gray_xyz","green","green_xyz","light_blue","light_blue_xyz","light_gray","light_gray_xyz","lime","lime_xyz","magenta","magenta_xyz","normal","normal_xyz","orange","orange_xyz","pink","pink_xyz","purple","purple_xyz","red","red_xyz","white","white_xyz","yellow","yellow_xyz"]},"stairs":{"$func":["acacia","acacia_xyz","andesite","andesite_xyz","birch","birch_xyz","brick","brick_xyz","cobblestone","cobblestone_xyz","dark_oak","dark_oak_xyz","dark_prismarine","dark_prismarine_xyz","diorite","end_stone_brick","diorite_xyz","end_stone_brick_xyz","granite","granite_xyz","jungle","jungle_xyz","mossy_cobblestone","mossy_cobblestone_xyz","mossy_stone_brick","nether_brick","mossy_stone_brick_xyz","nether_brick_xyz","oak","oak_xyz","polished_andesite_xyz","polished_andesite","polished_diorite","polished_diorite_xyz","polished_granite","polished_granite_xyz","prismarine","prismarine_brick","prismarine_brick_xyz","prismarine_xyz","purpur","purpur_xyz","quartz","quartz_xyz","red_nether_brick","red_nether_brick_xyz","red_sandstone","red_sandstone_xyz","sandstone","sandstone_xyz","smooth_quartz","smooth_quartz_xyz","smooth_red_sandstone","smooth_red_sandstone_xyz","smooth_sandstone","smooth_sandstone_xyz","spruce","spruce_xyz","stone","stone_brick","stone_brick_xyz","stone_xyz"]},"stations":{"$func":["anvil","anvil_xyz","cartography","cauldron","cauldron_xyz","chipped_anvil","chipped_anvil_xyz","crafting_table","damaged_anvil","damaged_anvil_xyz","enchanting","fletching","grindstone","grindstone_xyz","loom","loom_xyz","smithing","stonecutter","stonecutter_xyz"]},"stones":{"$func":["andesite","bricks","chiseled_stone_bricks","cobblestone","cracked_stone_bricks","diorite","granite","mossy_cobblestone","mossy_stone_bricks","polished_andesite","polished_diorite","polished_granite","smooth_stone","stone","stone_bricks"]},"terracotta":{"$func":["black","blue","brown","cyan","gray","green","light_blue","light_gray","lime","magenta","normal","pink","orange","purple","red","white","yellow"]},"trapdoors":{"$func":["acacia","birch","birch_xyz","acacia_xyz","dark_oak","iron","iron_xyz","jungle","jungle_xyz","oak","oak_xyz","spruce","spruce_xyz","dark_oak_xyz"]},"vegetation":{"$func":["azure_bluet","allium","blue_orchid","brown_mushroom","cornflower","dandelion","dead_bush","fern","grass","lily_of_the_valley","lily_pad","orange_tulip","oxeye_daisy","pink_tulip","poppy","red_mushroom","red_tulip","seagrass","sea_pickle","white_tulip","wither_rose"],"dead_bush":{"$func":["bush1","sitems"]},"sea_pickle":{"$func":["block_xz","xz"]},"grass":{"$func":["grass1","grass_xz","xz"]}},"walls":{"$func":["andesite_xyz","andesite","brick_xyz","cobblestone","brick","cobblestone_xyz","diorite","diorite_xyz","end_stone_brick","end_stone_brick_xyz","granite","granite_xyz","mossy_cobblestone","mossy_cobblestone_xyz","mossy_stone_brick","mossy_stone_brick_xyz","nether_brick","nether_brick_xyz","prismarine","prismarine_xyz","red_nether_brick","red_nether_brick_xyz","red_sandstone","red_sandstone_xyz","sandstone","sandstone_xyz","stone_brick","stone_brick_xyz"]},"wool":{"$func":["black","blue","brown","cyan","gray","green","light_blue","light_gray","lime","magenta","orange","pink","purple","red","white","yellow"]},"setupmine":{"leaves":{"$func":["1-2","101-102","103-104","105-106","107-108","109-110","11-12","111-112","113-114","115-116","117-118","119-120","121-122","123-124","125-126","127-128","129-130","13-14","131-132","133-134","137-138","135-136","139-140","141-142","143-144","145-146","147-148","149-150","15-16","151-152","153-154","155-156","157-158","159-160","161-162","163-164","165-166","167-168","169-170","17-18","173-174","171-172","175-176","177-178","179-180","181-182","183-184","185-186","187-188","189-190","19-20","191-192","193-194","195-196","199-200","197-198","201-202","203-204","207-208","209-210","205-206","21-22","211-212","213-214","215-216","217-218","219-220","221-222","223-224","225-226","227-228","229-230","23-24","231-232","233-234","235-236","237-238","239-240","241-242","243-244","245-246","247-248","249-250","25-26","251-252","253-254","255-256","257-258","259-260","261-262","263-264","265-266","267-268","269-270","27-28","271-272","273-274","275-276","277-278","279-280","281-282","283-284","285-286","287-288","289-290","29-30","291-292","293-294","295-296","297-298","299-300","3-4","301-302","303-304","305-306","307-308","309-310","31-32","311-312","313-314","315-316","317-318","319-320","321-322","323-324","325-326","327-328","329-330","33-34","331-332","333-334","335-336","337-338","339-340","341-342","343-344","345-346","347-348","349-350","35-36","351-352","353-354","355-356","357-358","359-360","361-362","363-364","365-366","367-368","369-370","37-38","371-372","373-374","375-376","377-378","379-380","381-382","383-384","385-386","387-388","389-390","39-40","391-392","393-394","395-396","397-398","399-400","401-402","405-406","403-404","407-408","409-410","41-42","411-412","413-414","415-416","417-418","419-420","421-422","423-424","425-426","427-428","429-430","43-44","431-432","433-434","435-436","437-438","439-440","443-444","445-446","447-448","449-450","441-442","45-46","451-452","453-454","457-458","455-456","459-460","463-464","461-462","465-466","467-468","469-470","47-48","471-472","473-474","475-476","477-478","481-482","479-480","483-484","485-486","487-488","489-490","49-50","491-492","493-494","5-6","51-52","53-54","57-58","59-60","61-62","55-56","63-64","65-66","67-68","69-70","7-8","71-72","73-74","75-76","77-78","79-80","81-82","821-822","823-824","83-84","87-88","85-86","89-90","9-10","91-92","95-96","93-94","97-98","99-100"]},"nodes":{"$func":["1-128","1-16","1-256","1-32","1-4","1-512","1-64","1-8","101-104","105-112","105-108","109-112","113-116","113-120","113-128","117-120","121-124","121-128","125-128","129-132","129-144","129-136","129-160","129-256","129-192","13-16","133-136","137-140","137-144","141-144","145-148","145-152","145-160","149-152","153-156","153-160","157-160","161-164","161-168","161-192","161-176","165-168","169-172","169-176","17-24","17-32","17-20","173-176","177-180","177-184","177-192","181-184","185-188","185-192","189-192","193-196","193-200","193-208","193-224","193-256","197-200","201-204","201-208","205-208","209-212","209-216","209-224","21-24","213-216","217-220","217-224","221-224","225-228","225-232","225-240","225-256","229-232","233-236","233-240","237-240","241-244","241-248","241-256","245-248","249-252","249-256","25-28","25-32","253-256","257-260","257-264","257-272","257-288","257-320","257-384","257-512","261-264","265-268","265-272","269-272","273-276","273-280","273-288","277-280","281-284","281-288","285-288","289-292","289-296","289-304","289-320","29-32","293-296","297-300","297-304","301-304","305-308","305-312","305-320","309-312","313-316","313-320","317-320","321-324","321-328","321-336","321-352","321-384","325-328","329-332","329-336","33-36","33-40","33-48","33-64","333-336","337-340","337-344","337-352","341-344","345-348","345-352","349-352","353-356","353-360","353-368","353-384","357-360","361-364","361-368","365-368","369-372","369-376","369-384","37-40","373-376","377-380","377-384","381-384","385-388","385-392","385-400","385-416","385-448","385-512","389-392","393-396","393-400","397-400","401-404","401-408","401-416","405-408","409-412","409-416","41-44","41-48","413-416","417-420","417-432","417-424","417-448","421-424","425-428","425-432","429-432","433-436","433-440","433-448","437-440","441-444","441-448","445-448","449-452","449-464","449-456","449-480","449-512","45-48","453-456","457-460","457-464","461-464","465-468","465-472","465-480","469-472","473-476","473-480","473-488","473-496","478-480","481-484","481-496","481-488","485-488","489-492","489-496","49-56","49-52","49-64","5-8","53-56","57-60","57-64","61-64","65-128","65-68","65-72","65-80","69-72","65-96","73-76","73-80","77-80","81-84","81-88","81-96","821-824","85-88","89-92","89-96","9-12","9-16","93-96","97-100","97-104","97-112","97-128"]}}},"proc":{"$func":["aim_id","cleartag","comp_id","ench_food","inhand","isfortune","isunbreaking","itemcount","mine_id","min_food","stacksize","stand_id","substack","tpitems","unbreaking"]}},"aestd.core":{"$func":["load"],"display_modules":{"$func":["data_pack_v1"]},"save_chunk":{"$func":["v1_check","v1_setup","v1_place_blocks"]},"scoreboard":{"$func":["v1_check","v1_setup"]},"storage":{"$func":["v1_check","v1_setup"]},"tick_function":{"$func":["v1","v1_check"]},"version":{"$func":["1.0.0"]}},"aestd1":{"block":{"$func":["get_block_id","highlight_block","load","randomize_structure_block","save","set_skull_owner"]},"math":{"$func":["absolute","cos","get_vector_magnitude","linear_interpolation","perlin_noise","power","random","random_lcg","random_range","random_range_lcg","set_vector_magnitude","sin","smoothstep","square_root","ticks_to_time"]},"item":{"$func":["add_count","add_custom_model_data","add_damage","add_enchantment","add_lore","break","load","merge_nbt","remove_attribute_modifiers","remove_data","remove_enchantments","remove_lore","save","set_block_id","get_max_durability","set_count","set_custom_model_data","set_damage","set_nbt","swap"]},"player":{"$func":["get_block_looking_at","get_name","get_spawnpoint","get_uuid","set_experience_levels","set_head","set_position","set_position_scale50","set_rotation","teleport_surface","teleport_to_chunk_corner"]},"context":{"$func":["get_biome","get_dimension","get_light_level","get_position","get_rotation","get_structure","load_chunk","get_position_scale50"]},"world":{"$func":["add_marker","get_daytime","get_moon_phase","get_weather","remove_time","set_time"]},"entity":{"$func":["anger","damage","fake_damage","get_direction","get_direction_magnitude","get_distance","get_motion","get_motion_magnitude","get_position","get_position_scale50","get_rotation","get_uuid","knockback","offset_position","set_direction","set_direction_from_position","set_direction_from_rotation","set_direction_magnitude","set_head","set_head_to_block","set_motion","set_motion_from_position","set_motion_from_rotation","set_motion_magnitude","set_position","set_position_scale50","set_rotation","shoot_arrow","shoot_egg","shoot_fireball","shoot_trident","shoot_snowball","teleport_surface","teleport_to_chunk_corner"],"projectile":{"$func":["set_owner_uuid"]},"wandering_trader":{"$func":["set_wandertarget_position"]},"wolf":{"$func":["tame"]},"villager":{"$func":["resupply","zombify"]},"zombie_villager":{"$func":["cure"]},"zombie":{"$func":["drown"]}}},"aestd.private":{"benchmarker":{"$func":["check_benchmark_completed","display_result_20t","loop_1s","loop_1t","reset_maxcommandchainlength","start_1s","start_1t"]},"tags":{"$func":["run_inventory_changed","run_player_dies","run_player_hurt_entity","run_player_killed_entity","run_second_clock","run_take_damage"]},"lib1":{"block":{"load":{"$func":["check_v1","v1"]},"get_block_id":{"$func":["check_v1","tree1_1941","tree2_1941","tree3_1941","tree4_1941","v1"]},"highlight_block":{"$func":["check_v1","v1"]},"randomize_structure_block":{"$func":["check_v1","v1"]},"save":{"$func":["check_v1","v1"]},"set_skull_owner":{"$func":["check_v1","v1"]}},"context":{"get_biome":{"$func":["check_v1","v1"]},"get_dimension":{"$func":["check_v1","v1"]},"get_light_level":{"$func":["check_v1","v1"]},"get_position":{"$func":["check_v1","v1"]},"get_structure":{"$func":["check_v1","v1"]},"get_rotation":{"$func":["check_v1","v1"]},"load_chunk":{"$func":["check_v1","v1"]},"get_position_scale50":{"$func":["check_v1","v1"]}},"item":{"add_count":{"$func":["check_v1","v1"]},"add_custom_model_data":{"$func":["check_v1","v1"]},"add_damage":{"$func":["check_v1","v1"]},"add_enchantment":{"$func":["check_v1","v1"]},"break":{"$func":["check_v1","v1"]},"get_max_durability":{"$func":["check_v1","v1"]},"load":{"$func":["check_v1","load_container_item","load_dropped_item","load_mob_item","load_player_item","v1"]},"add_lore":{"$func":["check_v1","v1"]},"remove_attribute_modifiers":{"$func":["check_v1","v1"]},"merge_nbt":{"$func":["check_v1","v1"]},"remove_data":{"$func":["check_v1","v1"]},"remove_lore":{"$func":["check_v1","v1"]},"remove_enchantments":{"$func":["check_v1","v1"]},"save":{"$func":["check_v1","save_container_item","save_mob_item","save_dropped_item","save_player_item","v1"]},"set_block_id":{"$func":["check_v1","tree1_1941","tree2_1941","tree3_1941","tree4_1941","v1"]},"set_count":{"$func":["check_v1","v1"]},"set_damage":{"$func":["check_v1","v1"]},"set_custom_model_data":{"$func":["check_v1","v1"]},"set_nbt":{"$func":["check_v1","v1"]},"swap":{"$func":["check_v1","v1"]}},"player":{"get_block_looking_at":{"$func":["check_v1","raycast_backward_precision","raycast_forward","v1"]},"get_name":{"$func":["v1","check_v1"]},"get_spawnpoint":{"$func":["check_v1","v1"]},"get_uuid":{"$func":["check_v1","v1"]},"set_experience_levels":{"$func":["check_v1","v1"]},"set_head":{"$func":["check_v1","v1"]},"set_position":{"$func":["check_v1","teleport_player_v1","v1"]},"set_position_scale50":{"$func":["check_v1","teleport_player_v1","v1"]},"set_rotation":{"$func":["check_v1","v1"]},"teleport_surface":{"$func":["check_v1","v1"]},"teleport_to_chunk_corner":{"$func":["check_v1","v1"]}},"entity":{"anger":{"$func":["check_v1","v1"]},"damage":{"$func":["check_v1","v1"]},"fake_damage":{"$func":["check_v1","v1"]},"get_direction":{"$func":["check_v1","v1"]},"get_direction_magnitude":{"$func":["check_v1","v1"]},"get_distance":{"$func":["check_v1","v1"]},"get_motion":{"$func":["check_v1","v1"]},"get_motion_magnitude":{"$func":["check_v1","v1"]},"get_position":{"$func":["check_v1","v1"]},"get_position_scale50":{"$func":["check_v1","v1"]},"get_rotation":{"$func":["check_v1","v1"]},"get_uuid":{"$func":["check_v1","v1"]},"knockback":{"$func":["check_v1","v1"]},"offset_position":{"$func":["check_v1","v1"]},"set_direction":{"$func":["check_v1","v1"]},"set_direction_from_position":{"$func":["check_v1","v1"]},"set_head":{"$func":["check_v1","v1"]},"set_direction_magnitude":{"$func":["check_v1","v1"]},"set_motion_from_rotation":{"$func":["check_v1","v1"]},"set_head_to_block":{"$func":["check_v1","tree1_1941","tree3_1941","tree4_1941","v1","tree2_1941"]},"set_motion":{"$func":["v1","check_v1"]},"set_motion_from_position":{"$func":["check_v1","v1"]},"set_motion_magnitude":{"$func":["check_v1","v1"]},"set_position":{"$func":["check_v1","v1"]},"set_position_scale50":{"$func":["check_v1","v1"]},"set_rotation":{"$func":["check_v1","v1"]},"set_direction_from_rotation":{"$func":["check_v1","v1"]},"shoot_arrow":{"$func":["check_v1","set_owner_uuid_v1","v1"]},"shoot_trident":{"$func":["check_v1","from_inventory_v1","not_from_inventory_v1","v1"]},"teleport_to_chunk_corner":{"$func":["check_v1","v1"]},"teleport_surface":{"$func":["check_v1","v1"]},"shoot_fireball":{"$func":["check_v1","set_owner_and_direction_v1","v1"]},"shoot_snowball":{"$func":["check_v1","v1"]},"projectile":{"set_owner_uuid":{"$func":["check_v1","v1"]}},"villager":{"resupply":{"$func":["check_v1","reset_uses_v1","v1"]},"zombify":{"$func":["check_v1","copy_tags_v1","v1"]}},"wandering_trader":{"set_wandertarget_position":{"$func":["check_v1","v1"]}},"zombie":{"drown":{"$func":["check_v1","copy_tags_v1","v1"]}},"wolf":{"tame":{"$func":["check_v1","v1"]}},"zombie_villager":{"cure":{"$func":["check_v1","copy_tags_v1","v1"]}},"shoot_egg":{"$func":["check_v1","v1"]}},"math":{"absolute":{"$func":["check_v1","v1"]},"cos":{"$func":["teleport_v1","check_v1","v1"]},"get_vector_magnitude":{"$func":["check_v1","v1"]},"linear_interpolation":{"$func":["check_v1","v1"]},"perlin_noise":{"$func":["check_v1","dotgridgradient_v1","v1"]},"power":{"$func":["check_v1","v1"]},"random":{"$func":["check_v1","v1"]},"random_lcg":{"$func":["check_v1","v1"]},"random_range":{"$func":["check_v1","v1"]},"random_range_lcg":{"$func":["check_v1","v1"]},"set_vector_magnitude":{"$func":["check_v1","v1"]},"sin":{"$func":["check_v1","teleport_v1","v1"]},"smoothstep":{"$func":["check_v1","v1"]},"square_root":{"$func":["check_v1","v1"]},"ticks_to_time":{"$func":["check_v1","v1"]}},"world":{"add_marker":{"$func":["check_v1","v1"]},"get_daytime":{"$func":["check_v1","v1"]},"get_moon_phase":{"$func":["check_v1","v1"]},"get_weather":{"$func":["check_v1","v1"]},"remove_time":{"$func":["check_v1","v1"]},"set_time":{"$func":["check_v1","v1"]}}}}}