{
  "type": "minecraft:block",
  "pools": [
    {
      "rolls": 1,
      "entries": [
        {
          "type": "minecraft:item",
          "functions": [
            {
              "function": "minecraft:set_count",
              "conditions": [
                {
                  "condition": "minecraft:block_state_property",
                  "block": "minecraft:cocoa",
                  "properties": {
                    "age": "2"
                  }
                }
              ],
              "count": 3
            },
            {
              "function": "minecraft:explosion_decay"
            }
          ],
          "name": "minecraft:cocoa_beans"
        }
      ]
    },
    {
      "rolls": 1,
      "entries": [
        {
          "type": "minecraft:alternatives",
          "children": [
            {
              "type": "minecraft:item",
              "name": "minecraft:stone_button",
              "functions": [
                {
                  "function": "minecraft:set_nbt",
                  "tag": "{AutoCrop:1b,Cocoa:1b,North:1b}"
                },
                {
                  "function": "minecraft:set_name",
                  "name": "Disable the Auto Crops datapack to stop dropping this",
                  "entity": "this"
                }
              ],
              "conditions": [
                {
                  "condition": "minecraft:block_state_property",
                  "block": "minecraft:cocoa",
                  "properties": {
                    "facing": "north",
                    "age": "2"
                  }
                }
              ]
            },
            {
              "type": "minecraft:item",
              "name": "minecraft:stone_button",
              "functions": [
                {
                  "function": "minecraft:set_nbt",
                  "tag": "{AutoCrop:1b,Cocoa:1b,South:1b}"
                },
                {
                  "function": "minecraft:set_name",
                  "name": "Disable the Auto Crops datapack to stop dropping this",
                  "entity": "this"
                }
              ],
              "conditions": [
                {
                  "condition": "minecraft:block_state_property",
                  "block": "minecraft:cocoa",
                  "properties": {
                    "age": "2",
                    "facing": "south"
                  }
                }
              ]
            },
            {
              "type": "minecraft:item",
              "name": "minecraft:stone_button",
              "functions": [
                {
                  "function": "minecraft:set_nbt",
                  "tag": "{AutoCrop:1b,Cocoa:1b,East:1b}"
                },
                {
                  "function": "minecraft:set_name",
                  "name": "Disable the Auto Crops datapack to stop dropping this",
                  "entity": "this"
                }
              ],
              "conditions": [
                {
                  "condition": "minecraft:block_state_property",
                  "block": "minecraft:cocoa",
                  "properties": {
                    "age": "2",
                    "facing": "east"
                  }
                }
              ]
            },
            {
              "type": "minecraft:item",
              "name": "minecraft:stone_button",
              "functions": [
                {
                  "function": "minecraft:set_nbt",
                  "tag": "{AutoCrop:1b,Cocoa:1b,West:1b}"
                },
                {
                  "function": "minecraft:set_name",
                  "name": "Disable the Auto Crops datapack to stop dropping this",
                  "entity": "this"
                }
              ],
              "conditions": [
                {
                  "condition": "minecraft:block_state_property",
                  "block": "minecraft:cocoa",
                  "properties": {
                    "age": "2",
                    "facing": "west"
                  }
                }
              ]
            }
          ]
        }
      ]
    }
  ]
}