{
  "type": "minecraft:block",
  "pools": [
    {
      "rolls": 1,
      "entries": [
        {
          "type": "minecraft:item",
          "name": "minecraft:potato"
        }
      ]
    },
    {
      "rolls": 1,
      "entries": [
        {
          "type": "minecraft:item",
          "name": "minecraft:potato",
          "functions": [
            {
              "function": "minecraft:apply_bonus",
              "enchantment": "minecraft:fortune",
              "formula": "minecraft:binomial_with_bonus_count",
              "parameters": {
                "extra": 3,
                "probability": 0.5714286
              }
            }
          ]
        }
      ],
      "conditions": [
        {
          "condition": "minecraft:block_state_property",
          "block": "minecraft:potatoes",
          "properties": {
            "age": "7"
          }
        }
      ]
    },
    {
      "rolls": 1,
      "entries": [
        {
          "type": "minecraft:item",
          "name": "minecraft:poisonous_potato",
          "conditions": [
            {
              "condition": "minecraft:random_chance",
              "chance": 0.02
            }
          ]
        }
      ],
      "conditions": [
        {
          "condition": "minecraft:block_state_property",
          "block": "minecraft:potatoes",
          "properties": {
            "age": "7"
          }
        }
      ]
    },
    {
      "rolls": 1,
      "entries": [
        {
          "type": "minecraft:item",
          "name": "minecraft:stone_button",
          "functions": [
            {
              "function": "minecraft:set_nbt",
              "tag": "{AutoCrop:1b,Potatoes:1b}"
            },
            {
              "function": "minecraft:set_name",
              "name": "Disable the Auto Crops datapack to stop dropping this",
              "entity": "this"
            }
          ],
          "conditions": [
            {
              "condition": "minecraft:block_state_property",
              "block": "minecraft:potatoes",
              "properties": {
                "age": "7"
              }
            }
          ]
        }
      ]
    }
  ]
}