{
    "type": "minecraft:block",
    "pools": [{
            "rolls": 1,
            "entries": [{
                "type": "minecraft:alternatives",
                "children": [{
                        "type": "minecraft:item",
                        "name": "minecraft:wheat",
                        "conditions": [{
                            "condition": "minecraft:block_state_property",
                            "block": "minecraft:wheat",
                            "properties": {
                                "age": "7"
                            }
                        }]
                    },
                    {
                        "type": "minecraft:item",
                        "name": "minecraft:wheat_seeds"
                    }
                ]
            }]
        },
        {
            "rolls": 1,
            "entries": [{
                "type": "minecraft:item",
                "name": "minecraft:wheat_seeds",
                "functions": [{
                    "function": "minecraft:apply_bonus",
                    "enchantment": "minecraft:fortune",
                    "formula": "minecraft:binomial_with_bonus_count",
                    "parameters": {
                        "extra": 3,
                        "probability": 0.5714286
                    }
                }]
            }],
            "conditions": [{
                "condition": "minecraft:block_state_property",
                "block": "minecraft:wheat",
                "properties": {
                    "age": "7"
                }
            }]
        },
        {
            "rolls": 1,
            "entries": [{
                "type": "minecraft:item",
                "name": "minecraft:stone_button",
                "functions": [{
                        "function": "minecraft:set_nbt",
                        "tag": "{AutoCrop:1b,Wheat:1b}"
                    },
                    {
                        "function": "minecraft:set_name",
                        "name": "Disable the Auto Crops datapack to stop dropping this",
                        "entity": "this"
                    }
                ],
                "conditions": [{
                    "condition": "minecraft:block_state_property",
                    "block": "minecraft:wheat",
                    "properties": {
                        "age": "7"
                    }
                }]
            }]
        }
    ]
}